"No.","Time","Source","Destination","Protocol","Length","Info"
"1","0.000000000","192.168.0.117","192.168.0.109","MQTT","83","Publish Message [esp8266/humidity]"
"2","5.001167066","192.168.0.117","192.168.0.109","MQTT","83","Publish Message [esp8266/humidity]"
"3","10.005444399","192.168.0.117","192.168.0.109","MQTT","83","Publish Message [esp8266/humidity]"
"4","11.046724869","192.168.0.117","192.168.0.109","MQTT","60","Ping Request"
"5","11.047066335","192.168.0.109","192.168.0.117","MQTT","56","Ping Response"
"6","15.002845987","192.168.0.117","192.168.0.109","MQTT","83","Publish Message [esp8266/humidity]"
"7","20.004152344","192.168.0.117","192.168.0.109","MQTT","83","Publish Message [esp8266/humidity]"
"8","25.004950441","192.168.0.117","192.168.0.109","MQTT","83","Publish Message [esp8266/humidity]"
"9","26.060873706","192.168.0.117","192.168.0.109","MQTT","60","Ping Request"
"10","26.061499082","192.168.0.109","192.168.0.117","MQTT","56","Ping Response"
"11","30.005812186","192.168.0.117","192.168.0.109","MQTT","83","Publish Message [esp8266/humidity]"
"12","35.006973195","192.168.0.117","192.168.0.109","MQTT","83","Publish Message [esp8266/humidity]"
"13","40.008426577","192.168.0.117","192.168.0.109","MQTT","83","Publish Message [esp8266/humidity]"
"14","41.065703577","192.168.0.117","192.168.0.109","MQTT","60","Ping Request"
"15","41.066371772","192.168.0.109","192.168.0.117","MQTT","56","Ping Response"
"16","45.009063143","192.168.0.117","192.168.0.109","MQTT","83","Publish Message [esp8266/humidity]"
"17","50.010332323","192.168.0.117","192.168.0.109","MQTT","83","Publish Message [esp8266/humidity]"
"18","55.011203552","192.168.0.117","192.168.0.109","MQTT","83","Publish Message [esp8266/humidity]"
"19","56.072994214","192.168.0.117","192.168.0.109","MQTT","60","Ping Request"
"20","56.073657162","192.168.0.109","192.168.0.117","MQTT","56","Ping Response"
